Occhiali iGreen;GreenVision;Inserisci una descrizione per questo occhiale lunga non piu' di 200 caratteri;U;40;Occhiali iGreen_GreenVision_2.jpg;Occhiali iGreen_GreenVision_3.jpg
Original Wayfarer Classic;RayBan;Inserisci una descrizione per questo occhiale lunga non piu' di 200 caratteri;U;32;Original Wayfarer Classic_RayBan_2.jpg;Original Wayfarer Classic_RayBan_3.jgp
Wayfarer Folding Classic;RayBan;Inserisci una descrizione per questo occhiale lunga non piu' di 200 caratteri;U;14;Wayfarer Folding Classic_RayBan_2.jpg;Wayfarer Folding Classic_RayBan_3.jpg
Flak Draft Prizm Golf sport;Oakley;Inserisci una descrizione per questo occhiale lunga non piu' di 200 caratteri;M;56;Flak Draft Prizm Golf sport_Oakley_2.jpg;Flak Draft Prizm Golf sport_Oakley_3.jpg
649 Series PO7649S Vincent Gallo;Persol;Inserisci una descrizione per questo occhiale lunga non piu' di 200 caratteri;M;65;649 Series PO7649S Vincent Gallo_Persol_2.jpg;649 Series PO7649S Vincent Gallo_Persol_3.jpg
Spirit titanium;Lindberg;Inserisci una descrizione per questo occhiale lunga non piu' di 200 caratteri;M;3;Spirit titanium_Lindberg_2.jpg;Spirit titanium_Lindberg_3.jpg
Buffalo titanium;Lindberg;Inserisci una descrizione per questo occhiale lunga non piu' di 200 caratteri;M;3;Buffalo titanium_Lindberg_2.jpg;Buffalo titanium_Lindberg_3.jpg
Strip titanium;Lindberg;Inserisci una descrizione per questo occhiale lunga non piu' di 200 caratteri;M;3;Strip titanium_Lindberg_2.jpg;Strip titanium_Lindberg_3.jpg